rep	trimmed
EPI_ISL_406798	EPI_ISL_406798, EPI_ISL_479800, EPI_ISL_408976, EPI_ISL_402125, EPI_ISL_402124, EPI_ISL_497797, EPI_ISL_403962, EPI_ISL_451352, EPI_ISL_416866, EPI_ISL_404253, EPI_ISL_410531, EPI_ISL_410044, EPI_ISL_411927, EPI_ISL_422428, EPI_ISL_718159, EPI_ISL_574611, EPI_ISL_451958, EPI_ISL_779276, EPI_ISL_574492, EPI_ISL_574609, EPI_ISL_430441, EPI_ISL_572053, EPI_ISL_468589, EPI_ISL_763067, EPI_ISL_428670, EPI_ISL_525474, EPI_ISL_435126, EPI_ISL_523547, EPI_ISL_596451, EPI_ISL_483640, EPI_ISL_483560, EPI_ISL_483562, EPI_ISL_413490, EPI_ISL_483543, EPI_ISL_582033, EPI_ISL_442523, EPI_ISL_414414, EPI_ISL_412975, EPI_ISL_416542, EPI_ISL_447019, EPI_ISL_416541, EPI_ISL_415644, EPI_ISL_637099, EPI_ISL_457704, EPI_ISL_469278, EPI_ISL_435120, EPI_ISL_457932, EPI_ISL_737935, EPI_ISL_457701, EPI_ISL_596454, EPI_ISL_413213, EPI_ISL_419232, EPI_ISL_406844, EPI_ISL_437622, EPI_ISL_410720, EPI_ISL_411220, EPI_ISL_408977, EPI_ISL_412974, EPI_ISL_415641, EPI_ISL_420135, EPI_ISL_417488, EPI_ISL_506991, EPI_ISL_435109, EPI_ISL_418405, EPI_ISL_417212, EPI_ISL_456305, EPI_ISL_456224, EPI_ISL_512748, EPI_ISL_456377, EPI_ISL_456378, EPI_ISL_500611, EPI_ISL_737957, EPI_ISL_474989, EPI_ISL_457961, EPI_ISL_416576, EPI_ISL_407988, EPI_ISL_468039, EPI_ISL_412969, EPI_ISL_420456, EPI_ISL_470851, EPI_ISL_421573, EPI_ISL_431784, EPI_ISL_452178, EPI_ISL_444998, EPI_ISL_434556, EPI_ISL_451536, EPI_ISL_632908, EPI_ISL_622799, EPI_ISL_435677, EPI_ISL_677635, EPI_ISL_677636, EPI_ISL_417918, EPI_ISL_479593, EPI_ISL_469112, EPI_ISL_509390, EPI_ISL_516827, EPI_ISL_648754, EPI_ISL_648774, EPI_ISL_482682, EPI_ISL_536444, EPI_ISL_456192, EPI_ISL_579121, EPI_ISL_445000, EPI_ISL_490097, EPI_ISL_434558, EPI_ISL_444999, EPI_ISL_444610, EPI_ISL_498270, EPI_ISL_707928, EPI_ISL_576143, EPI_ISL_530252, EPI_ISL_693473, EPI_ISL_693480, EPI_ISL_693483, EPI_ISL_693479, EPI_ISL_693477, EPI_ISL_693482, EPI_ISL_693481, EPI_ISL_450196, EPI_ISL_413522, EPI_ISL_428444, EPI_ISL_408008, EPI_ISL_408009, EPI_ISL_525423, EPI_ISL_455603, EPI_ISL_480778, EPI_ISL_418799, EPI_ISL_582625, EPI_ISL_582613, EPI_ISL_582623, EPI_ISL_434694, EPI_ISL_480298, EPI_ISL_497818, EPI_ISL_410301, EPI_ISL_451361, EPI_ISL_547451, EPI_ISL_547452, EPI_ISL_411902, EPI_ISL_455396, EPI_ISL_457986, EPI_ISL_574607, EPI_ISL_568694, EPI_ISL_455454, EPI_ISL_461101, EPI_ISL_417482, EPI_ISL_422873, EPI_ISL_417211, EPI_ISL_418996, EPI_ISL_419000, EPI_ISL_614251, EPI_ISL_529213, EPI_ISL_407073, EPI_ISL_412871, EPI_ISL_417030, EPI_ISL_437616, EPI_ISL_582126, EPI_ISL_582608, EPI_ISL_416885, EPI_ISL_682298, EPI_ISL_455939, EPI_ISL_455592, EPI_ISL_416429, EPI_ISL_660541, EPI_ISL_576160, EPI_ISL_501074, EPI_ISL_648041, EPI_ISL_529171, EPI_ISL_496756, EPI_ISL_464093, EPI_ISL_416477, EPI_ISL_496823, EPI_ISL_496833, EPI_ISL_414579, EPI_ISL_663216, EPI_ISL_454572, EPI_ISL_427671, EPI_ISL_498524, EPI_ISL_672631, EPI_ISL_456336, EPI_ISL_593633, EPI_ISL_622797, EPI_ISL_530237, EPI_ISL_413557, EPI_ISL_417142, EPI_ISL_428203, EPI_ISL_423003, EPI_ISL_468064, EPI_ISL_455598, EPI_ISL_482324, EPI_ISL_593597, EPI_ISL_639753, EPI_ISL_460355, EPI_ISL_571927, EPI_ISL_491427, EPI_ISL_421723, EPI_ISL_407893, EPI_ISL_411926, EPI_ISL_522350, EPI_ISL_429854, EPI_ISL_455456, EPI_ISL_424667, EPI_ISL_737951, EPI_ISL_410717, EPI_ISL_416415, EPI_ISL_407896, EPI_ISL_693290, EPI_ISL_479925, EPI_ISL_578380, EPI_ISL_479858, EPI_ISL_407894, EPI_ISL_410718, EPI_ISL_614348, EPI_ISL_476829, EPI_ISL_476833, EPI_ISL_738035, EPI_ISL_738031, EPI_ISL_738034, EPI_ISL_582675, EPI_ISL_699132, EPI_ISL_737985, EPI_ISL_737974, EPI_ISL_487454, EPI_ISL_487465, EPI_ISL_515183, EPI_ISL_469243, EPI_ISL_455426, EPI_ISL_487457, EPI_ISL_660450, EPI_ISL_660451, EPI_ISL_635777, EPI_ISL_529142, EPI_ISL_455015, EPI_ISL_483638, EPI_ISL_512923, EPI_ISL_476831, EPI_ISL_653916, EPI_ISL_413594, EPI_ISL_427643, EPI_ISL_513210, EPI_ISL_775599, EPI_ISL_513015, EPI_ISL_513116, EPI_ISL_745168, EPI_ISL_745185, EPI_ISL_660069, EPI_ISL_660070, EPI_ISL_456164, EPI_ISL_493204, EPI_ISL_596764, EPI_ISL_596766, EPI_ISL_648125
EPI_ISL_593737	EPI_ISL_593737, EPI_ISL_574622, EPI_ISL_574623, EPI_ISL_660461, EPI_ISL_614359, EPI_ISL_660475, EPI_ISL_660508, EPI_ISL_660509, EPI_ISL_660478, EPI_ISL_660487, EPI_ISL_660528, EPI_ISL_660481, EPI_ISL_660489, EPI_ISL_660488, EPI_ISL_660512, EPI_ISL_660482, EPI_ISL_660486, EPI_ISL_660480, EPI_ISL_660484, EPI_ISL_660483, EPI_ISL_730569, EPI_ISL_730575, EPI_ISL_454588, EPI_ISL_661306, EPI_ISL_661307, EPI_ISL_509699, EPI_ISL_509505, EPI_ISL_491038, EPI_ISL_792125, EPI_ISL_445307, EPI_ISL_419553, EPI_ISL_770727, EPI_ISL_468137, EPI_ISL_491066, EPI_ISL_420795, EPI_ISL_639759, EPI_ISL_746623, EPI_ISL_629062, EPI_ISL_455437, EPI_ISL_576277, EPI_ISL_667452, EPI_ISL_455438, EPI_ISL_525469, EPI_ISL_477016, EPI_ISL_660535, EPI_ISL_470862, EPI_ISL_491449, EPI_ISL_516625, EPI_ISL_539496, EPI_ISL_614258, EPI_ISL_435420, EPI_ISL_579177, EPI_ISL_457975, EPI_ISL_493348, EPI_ISL_526967, EPI_ISL_653754, EPI_ISL_526958, EPI_ISL_483060, EPI_ISL_579063, EPI_ISL_491939, EPI_ISL_640139, EPI_ISL_516652, EPI_ISL_539788, EPI_ISL_525436, EPI_ISL_648312, EPI_ISL_775262, EPI_ISL_593637, EPI_ISL_561292, EPI_ISL_561288, EPI_ISL_561289, EPI_ISL_745324, EPI_ISL_603295, EPI_ISL_603438, EPI_ISL_583488, EPI_ISL_626582, EPI_ISL_626589, EPI_ISL_693669, EPI_ISL_468144, EPI_ISL_660068, EPI_ISL_496376, EPI_ISL_496357, EPI_ISL_527620, EPI_ISL_576258, EPI_ISL_586260, EPI_ISL_535364, EPI_ISL_710354, EPI_ISL_771258, EPI_ISL_496373, EPI_ISL_693306, EPI_ISL_667526, EPI_ISL_596475, EPI_ISL_602581, EPI_ISL_603128, EPI_ISL_700489, EPI_ISL_640123, EPI_ISL_640125, EPI_ISL_634986, EPI_ISL_635017, EPI_ISL_602841, EPI_ISL_528707, EPI_ISL_560830, EPI_ISL_779193, EPI_ISL_640122, EPI_ISL_700533, EPI_ISL_640118, EPI_ISL_640126, EPI_ISL_660661, EPI_ISL_684047, EPI_ISL_666796, EPI_ISL_629050, EPI_ISL_629042, EPI_ISL_593981, EPI_ISL_747156, EPI_ISL_755429, EPI_ISL_767358, EPI_ISL_785915, EPI_ISL_751709, EPI_ISL_779086, EPI_ISL_751756, EPI_ISL_751791, EPI_ISL_780388, EPI_ISL_754238, EPI_ISL_786212, EPI_ISL_751714, EPI_ISL_644876, EPI_ISL_682038, EPI_ISL_682055, EPI_ISL_636516, EPI_ISL_636521, EPI_ISL_636518, EPI_ISL_636515, EPI_ISL_636519, EPI_ISL_636520, EPI_ISL_747090, EPI_ISL_747067, EPI_ISL_756190, EPI_ISL_765984, EPI_ISL_751683, EPI_ISL_751570, EPI_ISL_751777, EPI_ISL_740865, EPI_ISL_629074, EPI_ISL_666954, EPI_ISL_683907, EPI_ISL_747151, EPI_ISL_418214, EPI_ISL_418215, EPI_ISL_766870, EPI_ISL_604113, EPI_ISL_501286, EPI_ISL_639637, EPI_ISL_751340, EPI_ISL_639636, EPI_ISL_639681, EPI_ISL_639685, EPI_ISL_467666, EPI_ISL_613422, EPI_ISL_514338, EPI_ISL_517958, EPI_ISL_420134, EPI_ISL_418801, EPI_ISL_512607, EPI_ISL_525435, EPI_ISL_491938, EPI_ISL_481244, EPI_ISL_660532, EPI_ISL_697799, EPI_ISL_697798, EPI_ISL_697800, EPI_ISL_660534, EPI_ISL_660538, EPI_ISL_660536, EPI_ISL_467472, EPI_ISL_507773, EPI_ISL_428901, EPI_ISL_755591, EPI_ISL_767792, EPI_ISL_448359, EPI_ISL_596841, EPI_ISL_464094, EPI_ISL_700463, EPI_ISL_526225, EPI_ISL_754232, EPI_ISL_754233, EPI_ISL_635779, EPI_ISL_637110, EPI_ISL_637112, EPI_ISL_548132, EPI_ISL_794311, EPI_ISL_747118, EPI_ISL_747121, EPI_ISL_677643, EPI_ISL_751568, EPI_ISL_622803, EPI_ISL_684008, EPI_ISL_746970, EPI_ISL_779185, EPI_ISL_779197, EPI_ISL_602838, EPI_ISL_591054, EPI_ISL_672287, EPI_ISL_658888, EPI_ISL_751637, EPI_ISL_747035, EPI_ISL_434711, EPI_ISL_603127, EPI_ISL_603126, EPI_ISL_420598, EPI_ISL_459974, EPI_ISL_596503, EPI_ISL_467300, EPI_ISL_459905, EPI_ISL_467299, EPI_ISL_769863, EPI_ISL_775219, EPI_ISL_775222, EPI_ISL_775258, EPI_ISL_476827, EPI_ISL_518806, EPI_ISL_517662, EPI_ISL_517616, EPI_ISL_517661, EPI_ISL_517650, EPI_ISL_417442, EPI_ISL_525476, EPI_ISL_463964, EPI_ISL_593524, EPI_ISL_788937, EPI_ISL_660491, EPI_ISL_683363, EPI_ISL_450299, EPI_ISL_699713, EPI_ISL_645060, EPI_ISL_645069, EPI_ISL_681319, EPI_ISL_583883, EPI_ISL_583884, EPI_ISL_445282, EPI_ISL_600991, EPI_ISL_485715, EPI_ISL_435162, EPI_ISL_462461, EPI_ISL_476574, EPI_ISL_444969, EPI_ISL_775225, EPI_ISL_697789, EPI_ISL_527491, EPI_ISL_661259, EPI_ISL_462468, EPI_ISL_737978, EPI_ISL_459895, EPI_ISL_476559, EPI_ISL_583641, EPI_ISL_730031, EPI_ISL_415472, EPI_ISL_456366, EPI_ISL_456358, EPI_ISL_579496, EPI_ISL_579426, EPI_ISL_417026, EPI_ISL_496687, EPI_ISL_770006, EPI_ISL_770029, EPI_ISL_735448, EPI_ISL_735437, EPI_ISL_735438, EPI_ISL_735447, EPI_ISL_770567, EPI_ISL_770613, EPI_ISL_661156, EPI_ISL_495460, EPI_ISL_751634, EPI_ISL_660902, EPI_ISL_634856, EPI_ISL_602963, EPI_ISL_677316, EPI_ISL_770795, EPI_ISL_693283, EPI_ISL_525554, EPI_ISL_526223, EPI_ISL_526224, EPI_ISL_451641, EPI_ISL_755423, EPI_ISL_660531, EPI_ISL_660533, EPI_ISL_635044, EPI_ISL_602804, EPI_ISL_660585, EPI_ISL_788980, EPI_ISL_710572, EPI_ISL_593636, EPI_ISL_509428, EPI_ISL_512618, EPI_ISL_770047, EPI_ISL_693297, EPI_ISL_636897, EPI_ISL_636902, EPI_ISL_700417, EPI_ISL_678078, EPI_ISL_489996, EPI_ISL_730048, EPI_ISL_635108, EPI_ISL_590988, EPI_ISL_590991, EPI_ISL_791977, EPI_ISL_779289, EPI_ISL_729996, EPI_ISL_430819, EPI_ISL_469033, EPI_ISL_635093, EPI_ISL_654813, EPI_ISL_751208, EPI_ISL_791986, EPI_ISL_791987, EPI_ISL_775597, EPI_ISL_740547, EPI_ISL_747233, EPI_ISL_577597, EPI_ISL_759702, EPI_ISL_791982, EPI_ISL_791988, EPI_ISL_576115, EPI_ISL_707692, EPI_ISL_708652, EPI_ISL_498543, EPI_ISL_529138, EPI_ISL_512926, EPI_ISL_574503, EPI_ISL_757287, EPI_ISL_728165, EPI_ISL_728181, EPI_ISL_791985, EPI_ISL_775594, EPI_ISL_751234, EPI_ISL_661305, EPI_ISL_661308, EPI_ISL_661311, EPI_ISL_779290, EPI_ISL_482766, EPI_ISL_629001, EPI_ISL_678223, EPI_ISL_730392, EPI_ISL_730471, EPI_ISL_548110, EPI_ISL_672653, EPI_ISL_745194, EPI_ISL_745198, EPI_ISL_622792, EPI_ISL_637085, EPI_ISL_637096, EPI_ISL_649125, EPI_ISL_649123, EPI_ISL_754089, EPI_ISL_791980, EPI_ISL_707894, EPI_ISL_730577, EPI_ISL_635091, EPI_ISL_654809, EPI_ISL_654795, EPI_ISL_654805, EPI_ISL_654806, EPI_ISL_654801, EPI_ISL_654804, EPI_ISL_654808, EPI_ISL_654802, EPI_ISL_654807, EPI_ISL_654800, EPI_ISL_654799, EPI_ISL_654803, EPI_ISL_747027, EPI_ISL_745201, EPI_ISL_755634, EPI_ISL_710120, EPI_ISL_745200, EPI_ISL_590924, EPI_ISL_596470, EPI_ISL_767859, EPI_ISL_707795, EPI_ISL_732960, EPI_ISL_625683, EPI_ISL_712568, EPI_ISL_708812, EPI_ISL_708811, EPI_ISL_632934, EPI_ISL_708810, EPI_ISL_728167, EPI_ISL_667809, EPI_ISL_700299, EPI_ISL_678358, EPI_ISL_513913, EPI_ISL_548104, EPI_ISL_593731, EPI_ISL_536429, EPI_ISL_516550, EPI_ISL_516551, EPI_ISL_678380, EPI_ISL_622821, EPI_ISL_717713, EPI_ISL_760032, EPI_ISL_760045, EPI_ISL_760053, EPI_ISL_610222, EPI_ISL_760050, EPI_ISL_760052, EPI_ISL_760054, EPI_ISL_760051, EPI_ISL_760058, EPI_ISL_760056, EPI_ISL_760035, EPI_ISL_610214, EPI_ISL_610201, EPI_ISL_760033, EPI_ISL_760036, EPI_ISL_708815, EPI_ISL_760037, EPI_ISL_760038, EPI_ISL_610203, EPI_ISL_760055, EPI_ISL_733569, EPI_ISL_733570, EPI_ISL_759895, EPI_ISL_759898, EPI_ISL_759897, EPI_ISL_447119, EPI_ISL_445345, EPI_ISL_445338, EPI_ISL_445363, EPI_ISL_746773, EPI_ISL_420071, EPI_ISL_476823, EPI_ISL_641309, EPI_ISL_618002, EPI_ISL_476834, EPI_ISL_676576, EPI_ISL_522440, EPI_ISL_582666, EPI_ISL_693331, EPI_ISL_791979, EPI_ISL_672657, EPI_ISL_767852, EPI_ISL_648136, EPI_ISL_525430, EPI_ISL_707698, EPI_ISL_737201, EPI_ISL_528753, EPI_ISL_529963, EPI_ISL_759968, EPI_ISL_693318, EPI_ISL_738064, EPI_ISL_754229, EPI_ISL_770691, EPI_ISL_791087, EPI_ISL_791088, EPI_ISL_476704, EPI_ISL_526933, EPI_ISL_536528, EPI_ISL_576172, EPI_ISL_524720, EPI_ISL_754770, EPI_ISL_605780, EPI_ISL_445285, EPI_ISL_765668, EPI_ISL_632267, EPI_ISL_779256, EPI_ISL_582030, EPI_ISL_480231, EPI_ISL_447744, EPI_ISL_576195, EPI_ISL_648003, EPI_ISL_754223, EPI_ISL_770496, EPI_ISL_792441, EPI_ISL_582644, EPI_ISL_582661, EPI_ISL_596821, EPI_ISL_637088, EPI_ISL_582682, EPI_ISL_569867, EPI_ISL_417186, EPI_ISL_491119, EPI_ISL_582341, EPI_ISL_540988, EPI_ISL_753684, EPI_ISL_482759, EPI_ISL_482760, EPI_ISL_480333, EPI_ISL_480343, EPI_ISL_480347, EPI_ISL_604036, EPI_ISL_430469, EPI_ISL_414015, EPI_ISL_629085, EPI_ISL_468591, EPI_ISL_644325, EPI_ISL_613423, EPI_ISL_457856, EPI_ISL_451198, EPI_ISL_451201, EPI_ISL_579143, EPI_ISL_613451, EPI_ISL_718161, EPI_ISL_455029, EPI_ISL_737952, EPI_ISL_496536, EPI_ISL_568725, EPI_ISL_467989, EPI_ISL_640124, EPI_ISL_700453, EPI_ISL_568723, EPI_ISL_577630, EPI_ISL_486845, EPI_ISL_490036, EPI_ISL_632581, EPI_ISL_753635, EPI_ISL_430820, EPI_ISL_579060, EPI_ISL_510532, EPI_ISL_526990, EPI_ISL_526978, EPI_ISL_418219, EPI_ISL_513631, EPI_ISL_486410, EPI_ISL_515466, EPI_ISL_457754, EPI_ISL_420073, EPI_ISL_584077, EPI_ISL_424872, EPI_ISL_613436, EPI_ISL_751494, EPI_ISL_660458, EPI_ISL_660470, EPI_ISL_729740, EPI_ISL_729738, EPI_ISL_729757, EPI_ISL_729763, EPI_ISL_508862, EPI_ISL_508863, EPI_ISL_581492, EPI_ISL_581493, EPI_ISL_452126, EPI_ISL_581490, EPI_ISL_581491, EPI_ISL_751649, EPI_ISL_692944, EPI_ISL_692930, EPI_ISL_747053, EPI_ISL_765822, EPI_ISL_779257, EPI_ISL_513925, EPI_ISL_481234, EPI_ISL_576123, EPI_ISL_576117, EPI_ISL_710598, EPI_ISL_645572, EPI_ISL_735444, EPI_ISL_746831, EPI_ISL_463005, EPI_ISL_632263, EPI_ISL_682300, EPI_ISL_682302, EPI_ISL_681307, EPI_ISL_682308, EPI_ISL_682303, EPI_ISL_632270, EPI_ISL_632907, EPI_ISL_463006, EPI_ISL_746737, EPI_ISL_416742, EPI_ISL_579454, EPI_ISL_512632, EPI_ISL_584075, EPI_ISL_693670, EPI_ISL_633018, EPI_ISL_738015, EPI_ISL_613453, EPI_ISL_418206, EPI_ISL_740250, EPI_ISL_707697, EPI_ISL_480924, EPI_ISL_516913, EPI_ISL_575334, EPI_ISL_514301, EPI_ISL_575333, EPI_ISL_745070, EPI_ISL_575332, EPI_ISL_420037, EPI_ISL_418241, EPI_ISL_418242, EPI_ISL_766874, EPI_ISL_766873, EPI_ISL_766866, EPI_ISL_712063, EPI_ISL_456170, EPI_ISL_491450, EPI_ISL_455434, EPI_ISL_461324, EPI_ISL_677015, EPI_ISL_456195, EPI_ISL_647978, EPI_ISL_435410, EPI_ISL_470877, EPI_ISL_622764, EPI_ISL_575057, EPI_ISL_626547, EPI_ISL_575330, EPI_ISL_693284, EPI_ISL_622801, EPI_ISL_747110, EPI_ISL_747111, EPI_ISL_755534, EPI_ISL_765878, EPI_ISL_622795, EPI_ISL_579482, EPI_ISL_658878, EPI_ISL_536748, EPI_ISL_708496, EPI_ISL_734263, EPI_ISL_751585, EPI_ISL_603248, EPI_ISL_605791, EPI_ISL_708433, EPI_ISL_667470, EPI_ISL_751667, EPI_ISL_751790, EPI_ISL_560385, EPI_ISL_501072, EPI_ISL_751746, EPI_ISL_794262, EPI_ISL_751638, EPI_ISL_751734, EPI_ISL_751724, EPI_ISL_475154, EPI_ISL_765497, EPI_ISL_429996, EPI_ISL_444612, EPI_ISL_498518, EPI_ISL_530234, EPI_ISL_467412, EPI_ISL_481483, EPI_ISL_693707, EPI_ISL_547604, EPI_ISL_569611, EPI_ISL_521883, EPI_ISL_769954, EPI_ISL_660821, EPI_ISL_660839, EPI_ISL_747133, EPI_ISL_751584, EPI_ISL_751678, EPI_ISL_450347, EPI_ISL_676764, EPI_ISL_430795, EPI_ISL_498190, EPI_ISL_516512, EPI_ISL_530175, EPI_ISL_493125, EPI_ISL_648288, EPI_ISL_693698, EPI_ISL_451098, EPI_ISL_420140, EPI_ISL_593634, EPI_ISL_737947, EPI_ISL_481530, EPI_ISL_512668, EPI_ISL_756247, EPI_ISL_481740, EPI_ISL_481675, EPI_ISL_498271, EPI_ISL_648130, EPI_ISL_447274, EPI_ISL_538515, EPI_ISL_648245, EPI_ISL_456147, EPI_ISL_586314, EPI_ISL_470876, EPI_ISL_468547, EPI_ISL_576165, EPI_ISL_540432, EPI_ISL_482424, EPI_ISL_537481, EPI_ISL_515388, EPI_ISL_672397, EPI_ISL_693303, EPI_ISL_515460, EPI_ISL_452093, EPI_ISL_493343, EPI_ISL_751595, EPI_ISL_708599, EPI_ISL_751610, EPI_ISL_747123, EPI_ISL_784051, EPI_ISL_747185, EPI_ISL_747099, EPI_ISL_747101, EPI_ISL_568872, EPI_ISL_639860, EPI_ISL_639818, EPI_ISL_747102, EPI_ISL_560386, EPI_ISL_447775, EPI_ISL_593978, EPI_ISL_569609, EPI_ISL_530233, EPI_ISL_733146, EPI_ISL_737134, EPI_ISL_751735, EPI_ISL_560818, EPI_ISL_477015, EPI_ISL_527776, EPI_ISL_729746, EPI_ISL_729755, EPI_ISL_682270, EPI_ISL_770028, EPI_ISL_769989, EPI_ISL_770007, EPI_ISL_770023, EPI_ISL_770017, EPI_ISL_770030, EPI_ISL_732822, EPI_ISL_732825, EPI_ISL_732821, EPI_ISL_538522, EPI_ISL_729618, EPI_ISL_693285, EPI_ISL_699655, EPI_ISL_447750, EPI_ISL_693282, EPI_ISL_579062, EPI_ISL_605833, EPI_ISL_672623, EPI_ISL_632310, EPI_ISL_712062, EPI_ISL_634977, EPI_ISL_710537, EPI_ISL_779401, EPI_ISL_755188, EPI_ISL_766938, EPI_ISL_751729, EPI_ISL_765615, EPI_ISL_765617, EPI_ISL_738357, EPI_ISL_738358, EPI_ISL_765986, EPI_ISL_738354, EPI_ISL_738355, EPI_ISL_765772, EPI_ISL_755598, EPI_ISL_755606, EPI_ISL_790569, EPI_ISL_755612, EPI_ISL_755599, EPI_ISL_778866, EPI_ISL_752606, EPI_ISL_454575, EPI_ISL_516897, EPI_ISL_516920, EPI_ISL_570790, EPI_ISL_574690, EPI_ISL_545109, EPI_ISL_538432, EPI_ISL_792310, EPI_ISL_792292, EPI_ISL_792131, EPI_ISL_792286, EPI_ISL_792136, EPI_ISL_792354, EPI_ISL_792243, EPI_ISL_576190, EPI_ISL_509153, EPI_ISL_560822, EPI_ISL_682010, EPI_ISL_677233, EPI_ISL_515038, EPI_ISL_510619, EPI_ISL_514967, EPI_ISL_510688, EPI_ISL_747247, EPI_ISL_747268, EPI_ISL_747266, EPI_ISL_760091, EPI_ISL_747441, EPI_ISL_760161, EPI_ISL_760224, EPI_ISL_747300, EPI_ISL_747393, EPI_ISL_747321, EPI_ISL_760110, EPI_ISL_747254, EPI_ISL_747328, EPI_ISL_747287, EPI_ISL_747376, EPI_ISL_760188, EPI_ISL_760175, EPI_ISL_760197, EPI_ISL_747294, EPI_ISL_759995, EPI_ISL_760065, EPI_ISL_493335, EPI_ISL_561356, EPI_ISL_570108, EPI_ISL_512719, EPI_ISL_605000, EPI_ISL_485045, EPI_ISL_542549, EPI_ISL_579066, EPI_ISL_495476, EPI_ISL_745879, EPI_ISL_527392, EPI_ISL_747055, EPI_ISL_751744, EPI_ISL_751689, EPI_ISL_667331, EPI_ISL_729979, EPI_ISL_667467, EPI_ISL_751592, EPI_ISL_682238, EPI_ISL_671974, EPI_ISL_785089, EPI_ISL_636975, EPI_ISL_747064, EPI_ISL_747100, EPI_ISL_708397, EPI_ISL_538514, EPI_ISL_513293, EPI_ISL_574319, EPI_ISL_648038, EPI_ISL_751661, EPI_ISL_768331, EPI_ISL_768338, EPI_ISL_751730, EPI_ISL_747124, EPI_ISL_747125, EPI_ISL_536736, EPI_ISL_648004, EPI_ISL_779191, EPI_ISL_728098, EPI_ISL_747119, EPI_ISL_747120, EPI_ISL_672655, EPI_ISL_678383, EPI_ISL_754909, EPI_ISL_753601, EPI_ISL_790195, EPI_ISL_684004, EPI_ISL_628958, EPI_ISL_684013, EPI_ISL_708492, EPI_ISL_751597, EPI_ISL_574662, EPI_ISL_755551, EPI_ISL_672658, EPI_ISL_628939, EPI_ISL_746178, EPI_ISL_751750, EPI_ISL_751590, EPI_ISL_596406, EPI_ISL_682293, EPI_ISL_723473, EPI_ISL_723479, EPI_ISL_747172, EPI_ISL_747061, EPI_ISL_756128, EPI_ISL_747162, EPI_ISL_756300, EPI_ISL_754182, EPI_ISL_770097, EPI_ISL_728487, EPI_ISL_755112, EPI_ISL_747066, EPI_ISL_786977, EPI_ISL_747068, EPI_ISL_791401, EPI_ISL_766689, EPI_ISL_766665, EPI_ISL_766688, EPI_ISL_770786, EPI_ISL_747143, EPI_ISL_747136, EPI_ISL_747138, EPI_ISL_751586, EPI_ISL_751713, EPI_ISL_747085, EPI_ISL_747183, EPI_ISL_751632, EPI_ISL_755469, EPI_ISL_755487, EPI_ISL_747063, EPI_ISL_568665, EPI_ISL_660545, EPI_ISL_746985, EPI_ISL_770497, EPI_ISL_790352, EPI_ISL_751782, EPI_ISL_682091, EPI_ISL_751645, EPI_ISL_766661, EPI_ISL_751668, EPI_ISL_747178, EPI_ISL_732964, EPI_ISL_791423, EPI_ISL_791421, EPI_ISL_791430, EPI_ISL_647987, EPI_ISL_677472, EPI_ISL_747051, EPI_ISL_751786, EPI_ISL_755327, EPI_ISL_755334, EPI_ISL_560823, EPI_ISL_751737, EPI_ISL_747065, EPI_ISL_765639, EPI_ISL_576192, EPI_ISL_648002, EPI_ISL_576194, EPI_ISL_738353, EPI_ISL_751721, EPI_ISL_759733, EPI_ISL_666805, EPI_ISL_768493, EPI_ISL_767085, EPI_ISL_661131, EPI_ISL_708400, EPI_ISL_747034, EPI_ISL_747092, EPI_ISL_751566, EPI_ISL_747187, EPI_ISL_738874, EPI_ISL_766979, EPI_ISL_751776, EPI_ISL_707799, EPI_ISL_751609, EPI_ISL_755451, EPI_ISL_708219, EPI_ISL_547797, EPI_ISL_708211, EPI_ISL_751740, EPI_ISL_751596, EPI_ISL_751670, EPI_ISL_759747, EPI_ISL_751779, EPI_ISL_791104, EPI_ISL_661104, EPI_ISL_794056, EPI_ISL_754771, EPI_ISL_754774, EPI_ISL_754773, EPI_ISL_728133, EPI_ISL_747049, EPI_ISL_754721, EPI_ISL_661128, EPI_ISL_770787, EPI_ISL_751640, EPI_ISL_784870, EPI_ISL_660911, EPI_ISL_751594, EPI_ISL_770799, EPI_ISL_723148, EPI_ISL_770455, EPI_ISL_708502, EPI_ISL_755621, EPI_ISL_732963, EPI_ISL_755622, EPI_ISL_577635, EPI_ISL_526222, EPI_ISL_605797, EPI_ISL_493205, EPI_ISL_510529, EPI_ISL_602771, EPI_ISL_419556, EPI_ISL_486173, EPI_ISL_603245, EPI_ISL_700336, EPI_ISL_753701, EPI_ISL_451196, EPI_ISL_792641, EPI_ISL_557416, EPI_ISL_582331, EPI_ISL_678267, EPI_ISL_708435, EPI_ISL_707793, EPI_ISL_707699, EPI_ISL_671964, EPI_ISL_649094, EPI_ISL_639674, EPI_ISL_770054, EPI_ISL_770056, EPI_ISL_678260, EPI_ISL_722857, EPI_ISL_501248, EPI_ISL_419308, EPI_ISL_628760, EPI_ISL_754902, EPI_ISL_775492, EPI_ISL_635176, EPI_ISL_591014, EPI_ISL_718257, EPI_ISL_583486, EPI_ISL_763002, EPI_ISL_666976, EPI_ISL_699653, EPI_ISL_463744, EPI_ISL_733412, EPI_ISL_645063, EPI_ISL_729700, EPI_ISL_792531, EPI_ISL_468752, EPI_ISL_518807, EPI_ISL_770574, EPI_ISL_746479, EPI_ISL_792623, EPI_ISL_792384, EPI_ISL_751011, EPI_ISL_693218, EPI_ISL_717892, EPI_ISL_792637, EPI_ISL_717890, EPI_ISL_717875, EPI_ISL_746512, EPI_ISL_717877, EPI_ISL_717871, EPI_ISL_717960, EPI_ISL_717961, EPI_ISL_746762, EPI_ISL_717879, EPI_ISL_717895, EPI_ISL_717889, EPI_ISL_792602, EPI_ISL_729849, EPI_ISL_746754, EPI_ISL_792608, EPI_ISL_746499, EPI_ISL_746532, EPI_ISL_717876, EPI_ISL_717793, EPI_ISL_746478, EPI_ISL_755304, EPI_ISL_626550, EPI_ISL_746697, EPI_ISL_746483, EPI_ISL_746735, EPI_ISL_746739, EPI_ISL_707794, EPI_ISL_746743, EPI_ISL_746767, EPI_ISL_746518, EPI_ISL_746749, EPI_ISL_746531, EPI_ISL_770551, EPI_ISL_770575, EPI_ISL_717869, EPI_ISL_717883, EPI_ISL_717885, EPI_ISL_717886, EPI_ISL_445370, EPI_ISL_717920, EPI_ISL_717882, EPI_ISL_717891, EPI_ISL_792612, EPI_ISL_792546, EPI_ISL_746492, EPI_ISL_717873, EPI_ISL_524799, EPI_ISL_523959, EPI_ISL_746506, EPI_ISL_746537, EPI_ISL_746511, EPI_ISL_733090, EPI_ISL_722855, EPI_ISL_451654, EPI_ISL_514264, EPI_ISL_596865, EPI_ISL_729906, EPI_ISL_737998, EPI_ISL_792450, EPI_ISL_729872, EPI_ISL_626279, EPI_ISL_584082, EPI_ISL_516653, EPI_ISL_536504, EPI_ISL_536501, EPI_ISL_729887, EPI_ISL_529065, EPI_ISL_568548, EPI_ISL_536520, EPI_ISL_568554, EPI_ISL_729883, EPI_ISL_729890, EPI_ISL_729907, EPI_ISL_729916, EPI_ISL_545955, EPI_ISL_468024, EPI_ISL_568517, EPI_ISL_729875, EPI_ISL_729892, EPI_ISL_729882, EPI_ISL_729888, EPI_ISL_729893, EPI_ISL_548945, EPI_ISL_746763, EPI_ISL_746732, EPI_ISL_754393, EPI_ISL_746547, EPI_ISL_746764, EPI_ISL_746788, EPI_ISL_746738, EPI_ISL_746748, EPI_ISL_746491, EPI_ISL_746741, EPI_ISL_746756, EPI_ISL_729879, EPI_ISL_515880, EPI_ISL_536507, EPI_ISL_729870, EPI_ISL_729904, EPI_ISL_602818, EPI_ISL_660218, EPI_ISL_635001, EPI_ISL_736990, EPI_ISL_660139, EPI_ISL_660146, EPI_ISL_660143, EPI_ISL_660141, EPI_ISL_729877, EPI_ISL_729886, EPI_ISL_676584, EPI_ISL_516926, EPI_ISL_735013, EPI_ISL_609989, EPI_ISL_626591, EPI_ISL_603739, EPI_ISL_729885, EPI_ISL_729880, EPI_ISL_746766, EPI_ISL_746770, EPI_ISL_568532, EPI_ISL_729863, EPI_ISL_729891, EPI_ISL_729873, EPI_ISL_729867, EPI_ISL_729884, EPI_ISL_539785, EPI_ISL_697794, EPI_ISL_660537, EPI_ISL_572323, EPI_ISL_710540, EPI_ISL_710534, EPI_ISL_712060, EPI_ISL_548010, EPI_ISL_548008, EPI_ISL_548075, EPI_ISL_548082, EPI_ISL_548101, EPI_ISL_548064, EPI_ISL_548076, EPI_ISL_579101, EPI_ISL_548084, EPI_ISL_560398, EPI_ISL_577735, EPI_ISL_455697, EPI_ISL_428855, EPI_ISL_617590, EPI_ISL_779936, EPI_ISL_412972, EPI_ISL_492069, EPI_ISL_645080, EPI_ISL_430002, EPI_ISL_635189, EPI_ISL_717975, EPI_ISL_660539, EPI_ISL_697792, EPI_ISL_495402, EPI_ISL_491934, EPI_ISL_660530, EPI_ISL_755994, EPI_ISL_636896, EPI_ISL_636883, EPI_ISL_576191, EPI_ISL_699109, EPI_ISL_765721, EPI_ISL_734979, EPI_ISL_435124, EPI_ISL_539778, EPI_ISL_733122, EPI_ISL_639690, EPI_ISL_733117, EPI_ISL_471163, EPI_ISL_561237, EPI_ISL_512616, EPI_ISL_576371, EPI_ISL_666634, EPI_ISL_707751, EPI_ISL_734981, EPI_ISL_710569, EPI_ISL_710570, EPI_ISL_710564, EPI_ISL_710574, EPI_ISL_661189, EPI_ISL_458150, EPI_ISL_509711, EPI_ISL_498552, EPI_ISL_577970, EPI_ISL_596553, EPI_ISL_649153, EPI_ISL_596500, EPI_ISL_596567, EPI_ISL_739659, EPI_ISL_707806, EPI_ISL_739660, EPI_ISL_776829, EPI_ISL_596563, EPI_ISL_596559, EPI_ISL_596523, EPI_ISL_644947, EPI_ISL_637014, EPI_ISL_610219, EPI_ISL_644952, EPI_ISL_644953, EPI_ISL_637004, EPI_ISL_637020, EPI_ISL_501236, EPI_ISL_677674, EPI_ISL_577894, EPI_ISL_632559, EPI_ISL_632562, EPI_ISL_596702, EPI_ISL_747238, EPI_ISL_671667, EPI_ISL_637015, EPI_ISL_637018, EPI_ISL_693299, EPI_ISL_632285, EPI_ISL_681302, EPI_ISL_609807, EPI_ISL_755746, EPI_ISL_755747, EPI_ISL_609815, EPI_ISL_577713, EPI_ISL_681301, EPI_ISL_681309, EPI_ISL_682317, EPI_ISL_632276, EPI_ISL_632279, EPI_ISL_447749, EPI_ISL_456238, EPI_ISL_497823, EPI_ISL_450197, EPI_ISL_746768, EPI_ISL_717809, EPI_ISL_792629, EPI_ISL_728198, EPI_ISL_648170, EPI_ISL_693645, EPI_ISL_729868, EPI_ISL_435153, EPI_ISL_430077, EPI_ISL_610160, EPI_ISL_740099, EPI_ISL_759927, EPI_ISL_480308, EPI_ISL_681756, EPI_ISL_636517, EPI_ISL_745226, EPI_ISL_791990, EPI_ISL_639693, EPI_ISL_639676, EPI_ISL_654895, EPI_ISL_770043, EPI_ISL_660424, EPI_ISL_515459, EPI_ISL_455639, EPI_ISL_490257, EPI_ISL_640078, EPI_ISL_635057, EPI_ISL_602865, EPI_ISL_602878, EPI_ISL_579145, EPI_ISL_491920, EPI_ISL_730570, EPI_ISL_629030, EPI_ISL_610152, EPI_ISL_753860, EPI_ISL_660829, EPI_ISL_560388, EPI_ISL_536478, EPI_ISL_730567, EPI_ISL_729613, EPI_ISL_649121, EPI_ISL_729905, EPI_ISL_729881, EPI_ISL_498694, EPI_ISL_602416, EPI_ISL_548139, EPI_ISL_548140, EPI_ISL_579111, EPI_ISL_596648, EPI_ISL_512659, EPI_ISL_770001, EPI_ISL_770002, EPI_ISL_745217, EPI_ISL_579500, EPI_ISL_437239, EPI_ISL_447594, EPI_ISL_498239, EPI_ISL_476493, EPI_ISL_763065, EPI_ISL_684028, EPI_ISL_658904, EPI_ISL_779195, EPI_ISL_480205, EPI_ISL_622796, EPI_ISL_495453, EPI_ISL_755951, EPI_ISL_676502, EPI_ISL_745196, EPI_ISL_501230, EPI_ISL_677718, EPI_ISL_678258, EPI_ISL_577701, EPI_ISL_577685, EPI_ISL_632262, EPI_ISL_632274, EPI_ISL_682299, EPI_ISL_632272, EPI_ISL_450511, EPI_ISL_456163, EPI_ISL_660465, EPI_ISL_639739, EPI_ISL_667450, EPI_ISL_437885, EPI_ISL_510852, EPI_ISL_527891, EPI_ISL_602442, EPI_ISL_756376, EPI_ISL_791096, EPI_ISL_661309, EPI_ISL_510531, EPI_ISL_462753, EPI_ISL_419305, EPI_ISL_733571, EPI_ISL_718259, EPI_ISL_576146, EPI_ISL_622816, EPI_ISL_740488, EPI_ISL_511684, EPI_ISL_693556, EPI_ISL_590935, EPI_ISL_660558, EPI_ISL_732595, EPI_ISL_737606, EPI_ISL_545580, EPI_ISL_577734, EPI_ISL_614180, EPI_ISL_516934, EPI_ISL_744149, EPI_ISL_775424, EPI_ISL_768522, EPI_ISL_593739, EPI_ISL_602837, EPI_ISL_605786, EPI_ISL_635015, EPI_ISL_678599, EPI_ISL_660630, EPI_ISL_602912, EPI_ISL_602858, EPI_ISL_635046, EPI_ISL_602767, EPI_ISL_602802, EPI_ISL_602778, EPI_ISL_660191, EPI_ISL_456381, EPI_ISL_678614, EPI_ISL_476702, EPI_ISL_602860, EPI_ISL_733151, EPI_ISL_730620, EPI_ISL_466629, EPI_ISL_483647, EPI_ISL_504181, EPI_ISL_603221, EPI_ISL_676518, EPI_ISL_775215, EPI_ISL_775218, EPI_ISL_735498, EPI_ISL_754176, EPI_ISL_754177, EPI_ISL_603240, EPI_ISL_653817, EPI_ISL_582803, EPI_ISL_523405, EPI_ISL_603247, EPI_ISL_682062, EPI_ISL_729977, EPI_ISL_582686, EPI_ISL_698315, EPI_ISL_759894, EPI_ISL_735503, EPI_ISL_535359, EPI_ISL_792617, EPI_ISL_792614, EPI_ISL_792620, EPI_ISL_792622, EPI_ISL_792611, EPI_ISL_792616, EPI_ISL_792615, EPI_ISL_792618, EPI_ISL_792613, EPI_ISL_792619, EPI_ISL_479624, EPI_ISL_735119, EPI_ISL_622805, EPI_ISL_622806, EPI_ISL_579102, EPI_ISL_660543, EPI_ISL_591526, EPI_ISL_746744, EPI_ISL_746771, EPI_ISL_746797, EPI_ISL_729897, EPI_ISL_527789, EPI_ISL_729911, EPI_ISL_540933, EPI_ISL_568533, EPI_ISL_518837, EPI_ISL_492014, EPI_ISL_518834, EPI_ISL_534206, EPI_ISL_618195, EPI_ISL_516431, EPI_ISL_678259, EPI_ISL_644566, EPI_ISL_678257, EPI_ISL_583489, EPI_ISL_583487, EPI_ISL_583481, EPI_ISL_710567, EPI_ISL_710560, EPI_ISL_710556, EPI_ISL_710571, EPI_ISL_693314, EPI_ISL_767865, EPI_ISL_710573, EPI_ISL_710565, EPI_ISL_710568, EPI_ISL_457843, EPI_ISL_733452, EPI_ISL_602866, EPI_ISL_622766, EPI_ISL_746742, EPI_ISL_746515, EPI_ISL_746757, EPI_ISL_569992, EPI_ISL_569993, EPI_ISL_729903, EPI_ISL_527819, EPI_ISL_660529, EPI_ISL_697787, EPI_ISL_539793, EPI_ISL_574431, EPI_ISL_697795, EPI_ISL_578244, EPI_ISL_712068, EPI_ISL_739773, EPI_ISL_710532, EPI_ISL_511898, EPI_ISL_582795, EPI_ISL_456194, EPI_ISL_512720, EPI_ISL_788948, EPI_ISL_775220, EPI_ISL_512667, EPI_ISL_512674, EPI_ISL_512812, EPI_ISL_492182, EPI_ISL_541630, EPI_ISL_654881, EPI_ISL_420144, EPI_ISL_534346, EPI_ISL_536499, EPI_ISL_639946, EPI_ISL_515081, EPI_ISL_729878, EPI_ISL_729898, EPI_ISL_791315, EPI_ISL_512724, EPI_ISL_745250, EPI_ISL_747239, EPI_ISL_708793, EPI_ISL_572396, EPI_ISL_747127, EPI_ISL_766986, EPI_ISL_747087, EPI_ISL_755540, EPI_ISL_660597, EPI_ISL_676505, EPI_ISL_791093, EPI_ISL_729900, EPI_ISL_639669, EPI_ISL_639692, EPI_ISL_639688, EPI_ISL_662210, EPI_ISL_622762, EPI_ISL_491949, EPI_ISL_514226, EPI_ISL_481247, EPI_ISL_700347, EPI_ISL_582655, EPI_ISL_582659, EPI_ISL_713730, EPI_ISL_661408, EPI_ISL_693305, EPI_ISL_589021, EPI_ISL_573483, EPI_ISL_760205, EPI_ISL_693312, EPI_ISL_767940, EPI_ISL_767937, EPI_ISL_767939, EPI_ISL_779398, EPI_ISL_667788, EPI_ISL_605821, EPI_ISL_660525, EPI_ISL_660457, EPI_ISL_660462, EPI_ISL_660452, EPI_ISL_660467, EPI_ISL_660494, EPI_ISL_660463, EPI_ISL_660504, EPI_ISL_660503, EPI_ISL_660495, EPI_ISL_660471, EPI_ISL_633079, EPI_ISL_700588, EPI_ISL_636980, EPI_ISL_700559, EPI_ISL_602876, EPI_ISL_640049, EPI_ISL_582678, EPI_ISL_738065, EPI_ISL_765723, EPI_ISL_581527, EPI_ISL_754775, EPI_ISL_729976, EPI_ISL_605785, EPI_ISL_700313, EPI_ISL_582670, EPI_ISL_582684, EPI_ISL_596462, EPI_ISL_605844, EPI_ISL_752599, EPI_ISL_548972, EPI_ISL_667779, EPI_ISL_754092, EPI_ISL_596491, EPI_ISL_574494, EPI_ISL_718269, EPI_ISL_718272, EPI_ISL_718280, EPI_ISL_718277, EPI_ISL_718282, EPI_ISL_718285, EPI_ISL_718286, EPI_ISL_625456, EPI_ISL_456388, EPI_ISL_491944, EPI_ISL_491947, EPI_ISL_746517, EPI_ISL_682322, EPI_ISL_775260, EPI_ISL_729889, EPI_ISL_628761, EPI_ISL_672640, EPI_ISL_626353, EPI_ISL_746752, EPI_ISL_746731, EPI_ISL_746740, EPI_ISL_746747, EPI_ISL_746733, EPI_ISL_746751, EPI_ISL_603242, EPI_ISL_603241, EPI_ISL_735492, EPI_ISL_603250, EPI_ISL_501896, EPI_ISL_746540, EPI_ISL_747342, EPI_ISL_733248, EPI_ISL_660654, EPI_ISL_490297, EPI_ISL_602826, EPI_ISL_602831, EPI_ISL_602844, EPI_ISL_634985, EPI_ISL_635000, EPI_ISL_602811, EPI_ISL_635025, EPI_ISL_602894, EPI_ISL_660262, EPI_ISL_602761, EPI_ISL_534336, EPI_ISL_660254, EPI_ISL_682334, EPI_ISL_660644, EPI_ISL_660657, EPI_ISL_660639, EPI_ISL_635049, EPI_ISL_602863, EPI_ISL_602806, EPI_ISL_602773, EPI_ISL_602783, EPI_ISL_678608, EPI_ISL_498116, EPI_ISL_682327, EPI_ISL_602675, EPI_ISL_660237, EPI_ISL_660241, EPI_ISL_678606, EPI_ISL_736992, EPI_ISL_635005, EPI_ISL_635059, EPI_ISL_660619, EPI_ISL_602822, EPI_ISL_596480, EPI_ISL_610153, EPI_ISL_733433, EPI_ISL_602817, EPI_ISL_602840, EPI_ISL_733041, EPI_ISL_746502, EPI_ISL_602812, EPI_ISL_491937, EPI_ISL_602911, EPI_ISL_640134, EPI_ISL_640119, EPI_ISL_660234, EPI_ISL_729862, EPI_ISL_729901, EPI_ISL_729985, EPI_ISL_747344, EPI_ISL_602928, EPI_ISL_747108, EPI_ISL_747107, EPI_ISL_779196, EPI_ISL_602820, EPI_ISL_620942, EPI_ISL_792636, EPI_ISL_792624, EPI_ISL_792630, EPI_ISL_746504, EPI_ISL_746510, EPI_ISL_576383, EPI_ISL_747236, EPI_ISL_747194, EPI_ISL_728183, EPI_ISL_661287, EPI_ISL_676534, EPI_ISL_602843, EPI_ISL_668435, EPI_ISL_590933, EPI_ISL_602762, EPI_ISL_602851, EPI_ISL_602861, EPI_ISL_602766, EPI_ISL_660235, EPI_ISL_660197, EPI_ISL_660248, EPI_ISL_678601, EPI_ISL_602821, EPI_ISL_660227, EPI_ISL_660162, EPI_ISL_447056, EPI_ISL_512718, EPI_ISL_523092, EPI_ISL_568809, EPI_ISL_577768, EPI_ISL_594156, EPI_ISL_596399, EPI_ISL_596413, EPI_ISL_596770, EPI_ISL_596875, EPI_ISL_648609, EPI_ISL_666889, EPI_ISL_672628, EPI_ISL_678349, EPI_ISL_683095, EPI_ISL_692797, EPI_ISL_707895, EPI_ISL_708796, EPI_ISL_717714, EPI_ISL_717715, EPI_ISL_717717, EPI_ISL_718310, EPI_ISL_730084, EPI_ISL_733568, EPI_ISL_745195, EPI_ISL_779148
EPI_ISL_415577	EPI_ISL_415577, EPI_ISL_456322, EPI_ISL_456301, EPI_ISL_414506, EPI_ISL_456333, EPI_ISL_456401, EPI_ISL_467603
EPI_ISL_456457	EPI_ISL_456457, EPI_ISL_579175, EPI_ISL_430008, EPI_ISL_456600, EPI_ISL_466938, EPI_ISL_623137, EPI_ISL_447024, EPI_ISL_447026, EPI_ISL_728204, EPI_ISL_648318, EPI_ISL_522744, EPI_ISL_430512, EPI_ISL_426584, EPI_ISL_515106
EPI_ISL_416410	EPI_ISL_416410, EPI_ISL_419734, EPI_ISL_493187, EPI_ISL_450212
EPI_ISL_426416	EPI_ISL_426416, EPI_ISL_422424, EPI_ISL_496249
EPI_ISL_614382	EPI_ISL_614382, EPI_ISL_614383, EPI_ISL_681838, EPI_ISL_660479, EPI_ISL_660501, EPI_ISL_660524, EPI_ISL_660502, EPI_ISL_660485, EPI_ISL_649170, EPI_ISL_493342, EPI_ISL_480965, EPI_ISL_653745, EPI_ISL_739673, EPI_ISL_653747, EPI_ISL_526969, EPI_ISL_739671, EPI_ISL_640117, EPI_ISL_648347, EPI_ISL_648325, EPI_ISL_648346, EPI_ISL_648365, EPI_ISL_648304, EPI_ISL_560996, EPI_ISL_779184, EPI_ISL_755438, EPI_ISL_423322, EPI_ISL_641599, EPI_ISL_548133, EPI_ISL_677646, EPI_ISL_447243, EPI_ISL_447244, EPI_ISL_591084, EPI_ISL_648311, EPI_ISL_648366, EPI_ISL_475229, EPI_ISL_605438, EPI_ISL_631452, EPI_ISL_640094, EPI_ISL_640095, EPI_ISL_622773, EPI_ISL_707778, EPI_ISL_707890, EPI_ISL_707803, EPI_ISL_707796, EPI_ISL_733546, EPI_ISL_733553, EPI_ISL_733545, EPI_ISL_733563, EPI_ISL_733539, EPI_ISL_733542, EPI_ISL_733541, EPI_ISL_579098, EPI_ISL_548130, EPI_ISL_591521, EPI_ISL_739675, EPI_ISL_526950, EPI_ISL_498534, EPI_ISL_739663, EPI_ISL_660442, EPI_ISL_522567, EPI_ISL_647977, EPI_ISL_529832, EPI_ISL_681675, EPI_ISL_507747, EPI_ISL_446998, EPI_ISL_710135, EPI_ISL_610221, EPI_ISL_622808, EPI_ISL_790403, EPI_ISL_751544, EPI_ISL_791149, EPI_ISL_791169, EPI_ISL_754636, EPI_ISL_677521, EPI_ISL_779376, EPI_ISL_754649, EPI_ISL_759724, EPI_ISL_754654, EPI_ISL_728107, EPI_ISL_728053, EPI_ISL_750172, EPI_ISL_660131, EPI_ISL_548066, EPI_ISL_579096, EPI_ISL_579094, EPI_ISL_654515, EPI_ISL_482737, EPI_ISL_447028, EPI_ISL_634880, EPI_ISL_522754, EPI_ISL_579406, EPI_ISL_522978, EPI_ISL_700343, EPI_ISL_522981, EPI_ISL_498533, EPI_ISL_739672, EPI_ISL_515095, EPI_ISL_754068, EPI_ISL_733078, EPI_ISL_640140, EPI_ISL_518820, EPI_ISL_791210, EPI_ISL_437434, EPI_ISL_456121, EPI_ISL_482740, EPI_ISL_516218, EPI_ISL_526974, EPI_ISL_681831, EPI_ISL_707789, EPI_ISL_710282, EPI_ISL_737150, EPI_ISL_739677, EPI_ISL_751549, EPI_ISL_763338
EPI_ISL_660460	EPI_ISL_660460, EPI_ISL_660466, EPI_ISL_660473, EPI_ISL_660456, EPI_ISL_660464
EPI_ISL_660506	EPI_ISL_660506, EPI_ISL_660507, EPI_ISL_660510, EPI_ISL_660468, EPI_ISL_660511, EPI_ISL_660455, EPI_ISL_660454, EPI_ISL_660472, EPI_ISL_660459
EPI_ISL_660517	EPI_ISL_660517, EPI_ISL_660513, EPI_ISL_660518, EPI_ISL_660519, EPI_ISL_660496, EPI_ISL_660497
EPI_ISL_515107	EPI_ISL_515107, EPI_ISL_496615
EPI_ISL_792556	EPI_ISL_792556, EPI_ISL_668453
EPI_ISL_668454	EPI_ISL_668454, EPI_ISL_602574, EPI_ISL_668451
EPI_ISL_639758	EPI_ISL_639758, EPI_ISL_693319, EPI_ISL_568577, EPI_ISL_754108, EPI_ISL_678343, EPI_ISL_536411, EPI_ISL_539822, EPI_ISL_610194, EPI_ISL_718283
EPI_ISL_493338	EPI_ISL_493338, EPI_ISL_648339, EPI_ISL_648379, EPI_ISL_583415, EPI_ISL_447022, EPI_ISL_792481, EPI_ISL_521861, EPI_ISL_737282, EPI_ISL_602886
EPI_ISL_596469	EPI_ISL_596469, EPI_ISL_738326, EPI_ISL_639862, EPI_ISL_639908, EPI_ISL_639845, EPI_ISL_671876, EPI_ISL_738112, EPI_ISL_729464, EPI_ISL_793947, EPI_ISL_737022, EPI_ISL_710551, EPI_ISL_789013, EPI_ISL_775536, EPI_ISL_766596, EPI_ISL_766702, EPI_ISL_722201, EPI_ISL_792703, EPI_ISL_626622, EPI_ISL_718253, EPI_ISL_729423, EPI_ISL_710552, EPI_ISL_718251, EPI_ISL_676503, EPI_ISL_622320, EPI_ISL_669723, EPI_ISL_593742, EPI_ISL_660572, EPI_ISL_626572, EPI_ISL_660562, EPI_ISL_770891, EPI_ISL_737388, EPI_ISL_737390, EPI_ISL_693683, EPI_ISL_792690, EPI_ISL_626623, EPI_ISL_693685, EPI_ISL_612128, EPI_ISL_790603, EPI_ISL_729456, EPI_ISL_602577, EPI_ISL_645897, EPI_ISL_776613, EPI_ISL_792698, EPI_ISL_660594, EPI_ISL_792688, EPI_ISL_616997, EPI_ISL_621221, EPI_ISL_626571, EPI_ISL_792702, EPI_ISL_792704, EPI_ISL_737004, EPI_ISL_693665, EPI_ISL_792691, EPI_ISL_626578, EPI_ISL_792700, EPI_ISL_729982, EPI_ISL_775268
EPI_ISL_752586	EPI_ISL_752586, EPI_ISL_768755, EPI_ISL_666645
EPI_ISL_583630	EPI_ISL_583630, EPI_ISL_660636, EPI_ISL_635036, EPI_ISL_768528, EPI_ISL_737982, EPI_ISL_717874
EPI_ISL_450584	EPI_ISL_450584, EPI_ISL_754235, EPI_ISL_568675, EPI_ISL_684035, EPI_ISL_700345, EPI_ISL_700344, EPI_ISL_660225, EPI_ISL_756374
EPI_ISL_648328	EPI_ISL_648328, EPI_ISL_648363
EPI_ISL_648327	EPI_ISL_648327, EPI_ISL_693691
EPI_ISL_603410	EPI_ISL_603410, EPI_ISL_634930
EPI_ISL_746960	EPI_ISL_746960, EPI_ISL_672660, EPI_ISL_729894, EPI_ISL_733144, EPI_ISL_602867
EPI_ISL_640136	EPI_ISL_640136, EPI_ISL_660157, EPI_ISL_660261, EPI_ISL_667463, EPI_ISL_779187, EPI_ISL_682319, EPI_ISL_602579, EPI_ISL_683835, EPI_ISL_708790, EPI_ISL_708789, EPI_ISL_708791, EPI_ISL_717896, EPI_ISL_717881, EPI_ISL_746690, EPI_ISL_746734, EPI_ISL_746498, EPI_ISL_746509, EPI_ISL_746513, EPI_ISL_746503, EPI_ISL_746516, EPI_ISL_746530, EPI_ISL_746542, EPI_ISL_746500, EPI_ISL_746481, EPI_ISL_746501, EPI_ISL_746772, EPI_ISL_637019, EPI_ISL_700296, EPI_ISL_661227, EPI_ISL_770702, EPI_ISL_700346, EPI_ISL_754109, EPI_ISL_645118, EPI_ISL_708820, EPI_ISL_710541
EPI_ISL_745140	EPI_ISL_745140, EPI_ISL_745189, EPI_ISL_696464, EPI_ISL_745190, EPI_ISL_712078, EPI_ISL_712093
EPI_ISL_602801	EPI_ISL_602801, EPI_ISL_632937, EPI_ISL_718167, EPI_ISL_718168, EPI_ISL_527014, EPI_ISL_582773, EPI_ISL_751679, EPI_ISL_791138, EPI_ISL_603002, EPI_ISL_677458, EPI_ISL_791148, EPI_ISL_768601, EPI_ISL_751589, EPI_ISL_754650, EPI_ISL_746750, EPI_ISL_746753, EPI_ISL_582677, EPI_ISL_582683, EPI_ISL_732665, EPI_ISL_792638, EPI_ISL_775217, EPI_ISL_775216
EPI_ISL_635029	EPI_ISL_635029, EPI_ISL_751225, EPI_ISL_417441, EPI_ISL_677910, EPI_ISL_450516, EPI_ISL_454420, EPI_ISL_678178, EPI_ISL_581455, EPI_ISL_480326, EPI_ISL_447358, EPI_ISL_605781, EPI_ISL_717791, EPI_ISL_602793, EPI_ISL_602874, EPI_ISL_641017, EPI_ISL_561537, EPI_ISL_602909, EPI_ISL_592783, EPI_ISL_602792
EPI_ISL_541544	EPI_ISL_541544, EPI_ISL_603013, EPI_ISL_747131, EPI_ISL_755335, EPI_ISL_487104, EPI_ISL_582687, EPI_ISL_768536, EPI_ISL_768544, EPI_ISL_730080, EPI_ISL_751657, EPI_ISL_755616, EPI_ISL_792648, EPI_ISL_729871, EPI_ISL_729909, EPI_ISL_729908, EPI_ISL_729915, EPI_ISL_729874, EPI_ISL_722209, EPI_ISL_512639, EPI_ISL_572253, EPI_ISL_582263, EPI_ISL_708195, EPI_ISL_677634, EPI_ISL_610198, EPI_ISL_644500, EPI_ISL_593934, EPI_ISL_450518, EPI_ISL_486416, EPI_ISL_763025, EPI_ISL_547968, EPI_ISL_626588, EPI_ISL_672637, EPI_ISL_746536, EPI_ISL_774938, EPI_ISL_729869, EPI_ISL_707807, EPI_ISL_648600
EPI_ISL_790084	EPI_ISL_790084, EPI_ISL_789892, EPI_ISL_522578, EPI_ISL_660125, EPI_ISL_660138, EPI_ISL_635020
EPI_ISL_765954	EPI_ISL_765954, EPI_ISL_457889, EPI_ISL_568731, EPI_ISL_568774, EPI_ISL_779141, EPI_ISL_779142, EPI_ISL_779152
EPI_ISL_700474	EPI_ISL_700474, EPI_ISL_700519, EPI_ISL_648546, EPI_ISL_728161, EPI_ISL_728160, EPI_ISL_728178, EPI_ISL_728209, EPI_ISL_718210, EPI_ISL_728246, EPI_ISL_755569, EPI_ISL_755568, EPI_ISL_755570, EPI_ISL_718294, EPI_ISL_718290, EPI_ISL_728211, EPI_ISL_728166, EPI_ISL_728162, EPI_ISL_718215, EPI_ISL_728163, EPI_ISL_718313, EPI_ISL_718312, EPI_ISL_718217, EPI_ISL_718192, EPI_ISL_718218, EPI_ISL_718198, EPI_ISL_718206, EPI_ISL_718204, EPI_ISL_718173, EPI_ISL_718182, EPI_ISL_718171, EPI_ISL_718187, EPI_ISL_718193, EPI_ISL_708461, EPI_ISL_605832, EPI_ISL_605840, EPI_ISL_605829, EPI_ISL_605826, EPI_ISL_605830, EPI_ISL_605834, EPI_ISL_605835, EPI_ISL_605845, EPI_ISL_605839, EPI_ISL_736927, EPI_ISL_728157, EPI_ISL_728253
EPI_ISL_751794	EPI_ISL_751794, EPI_ISL_751755, EPI_ISL_747186, EPI_ISL_792369, EPI_ISL_602776, EPI_ISL_602775, EPI_ISL_602782
EPI_ISL_765951	EPI_ISL_765951, EPI_ISL_765952, EPI_ISL_677552, EPI_ISL_755505
EPI_ISL_747153	EPI_ISL_747153, EPI_ISL_591271, EPI_ISL_591270, EPI_ISL_591272, EPI_ISL_591273, EPI_ISL_591276, EPI_ISL_591277, EPI_ISL_591278, EPI_ISL_591279, EPI_ISL_591280
EPI_ISL_751611	EPI_ISL_751611, EPI_ISL_751665, EPI_ISL_775507, EPI_ISL_708159, EPI_ISL_775496, EPI_ISL_775348, EPI_ISL_648415, EPI_ISL_729980, EPI_ISL_512062
EPI_ISL_707801	EPI_ISL_707801, EPI_ISL_717581, EPI_ISL_430013, EPI_ISL_548145, EPI_ISL_561033, EPI_ISL_661255, EPI_ISL_661260, EPI_ISL_755615
EPI_ISL_752759	EPI_ISL_752759, EPI_ISL_753217, EPI_ISL_753129, EPI_ISL_753120, EPI_ISL_765957, EPI_ISL_765955, EPI_ISL_753079, EPI_ISL_753095, EPI_ISL_753096, EPI_ISL_752939, EPI_ISL_753014, EPI_ISL_666619, EPI_ISL_666620, EPI_ISL_753023, EPI_ISL_753231, EPI_ISL_753244, EPI_ISL_734345, EPI_ISL_766976, EPI_ISL_666771, EPI_ISL_783688, EPI_ISL_766996, EPI_ISL_783631, EPI_ISL_747050, EPI_ISL_766997, EPI_ISL_766788, EPI_ISL_693313, EPI_ISL_768631, EPI_ISL_735496, EPI_ISL_740367, EPI_ISL_633025, EPI_ISL_729768, EPI_ISL_583376, EPI_ISL_747052, EPI_ISL_602258, EPI_ISL_614078, EPI_ISL_682287, EPI_ISL_682289, EPI_ISL_739661, EPI_ISL_745053, EPI_ISL_745081, EPI_ISL_752605, EPI_ISL_577726, EPI_ISL_541724, EPI_ISL_577694, EPI_ISL_661304
EPI_ISL_536500	EPI_ISL_536500, EPI_ISL_579106, EPI_ISL_746755
EPI_ISL_637113	EPI_ISL_637113, EPI_ISL_747182, EPI_ISL_605837, EPI_ISL_605838, EPI_ISL_605843
EPI_ISL_496342	EPI_ISL_496342, EPI_ISL_708822, EPI_ISL_639819, EPI_ISL_732948, EPI_ISL_732953, EPI_ISL_732954, EPI_ISL_732957, EPI_ISL_732958
EPI_ISL_658880	EPI_ISL_658880, EPI_ISL_783876, EPI_ISL_603380, EPI_ISL_744418, EPI_ISL_593902, EPI_ISL_744812, EPI_ISL_737234, EPI_ISL_754163, EPI_ISL_622192, EPI_ISL_708086, EPI_ISL_748136, EPI_ISL_718068, EPI_ISL_671949, EPI_ISL_671958, EPI_ISL_569207, EPI_ISL_653809, EPI_ISL_653772, EPI_ISL_653783, EPI_ISL_644504, EPI_ISL_728607, EPI_ISL_763324, EPI_ISL_653793, EPI_ISL_582840, EPI_ISL_677798, EPI_ISL_677783, EPI_ISL_593738, EPI_ISL_583483, EPI_ISL_788983, EPI_ISL_788986, EPI_ISL_718255, EPI_ISL_590963, EPI_ISL_668393, EPI_ISL_635133, EPI_ISL_590958, EPI_ISL_775479, EPI_ISL_590971, EPI_ISL_590962, EPI_ISL_583485, EPI_ISL_671468, EPI_ISL_678388, EPI_ISL_678393, EPI_ISL_677815, EPI_ISL_718254, EPI_ISL_583482, EPI_ISL_775382, EPI_ISL_744714, EPI_ISL_708813, EPI_ISL_666875, EPI_ISL_578020, EPI_ISL_745334, EPI_ISL_644550, EPI_ISL_644499, EPI_ISL_614289, EPI_ISL_671019, EPI_ISL_710581, EPI_ISL_635060, EPI_ISL_635062, EPI_ISL_707700, EPI_ISL_654020, EPI_ISL_775221, EPI_ISL_693916, EPI_ISL_632784, EPI_ISL_744516, EPI_ISL_744828, EPI_ISL_667789, EPI_ISL_734994, EPI_ISL_732699, EPI_ISL_614912, EPI_ISL_603337, EPI_ISL_708808, EPI_ISL_617194, EPI_ISL_766642, EPI_ISL_560523, EPI_ISL_780402, EPI_ISL_780409, EPI_ISL_771114, EPI_ISL_614922, EPI_ISL_745363, EPI_ISL_721759, EPI_ISL_751471, EPI_ISL_792697, EPI_ISL_641564, EPI_ISL_712065, EPI_ISL_712066, EPI_ISL_654018, EPI_ISL_712064, EPI_ISL_644542, EPI_ISL_708817, EPI_ISL_740322, EPI_ISL_744721, EPI_ISL_791245, EPI_ISL_791240, EPI_ISL_791258, EPI_ISL_791268, EPI_ISL_791260, EPI_ISL_755804, EPI_ISL_732582, EPI_ISL_740252, EPI_ISL_770971, EPI_ISL_740139, EPI_ISL_744252, EPI_ISL_667793, EPI_ISL_667798, EPI_ISL_626646, EPI_ISL_693838, EPI_ISL_736890, EPI_ISL_776898, EPI_ISL_744878, EPI_ISL_739919, EPI_ISL_614347, EPI_ISL_660221, EPI_ISL_480736, EPI_ISL_530239, EPI_ISL_520278, EPI_ISL_510544, EPI_ISL_513911, EPI_ISL_577607, EPI_ISL_640501, EPI_ISL_498544, EPI_ISL_498545, EPI_ISL_498547, EPI_ISL_498546, EPI_ISL_498548, EPI_ISL_641104, EPI_ISL_522705, EPI_ISL_678336, EPI_ISL_562780, EPI_ISL_563090, EPI_ISL_591508, EPI_ISL_513407, EPI_ISL_544999, EPI_ISL_498778, EPI_ISL_641041, EPI_ISL_640784, EPI_ISL_640600, EPI_ISL_563154, EPI_ISL_593348, EPI_ISL_640588, EPI_ISL_593090, EPI_ISL_508134, EPI_ISL_521862, EPI_ISL_521860, EPI_ISL_564398, EPI_ISL_520193, EPI_ISL_596708, EPI_ISL_530253, EPI_ISL_530240, EPI_ISL_508607, EPI_ISL_530257, EPI_ISL_593048, EPI_ISL_592480, EPI_ISL_593411, EPI_ISL_792626, EPI_ISL_792625, EPI_ISL_792599
EPI_ISL_493372	EPI_ISL_493372, EPI_ISL_634997, EPI_ISL_636549, EPI_ISL_729866, EPI_ISL_540968, EPI_ISL_729865, EPI_ISL_729899, EPI_ISL_729864, EPI_ISL_729895, EPI_ISL_654499
EPI_ISL_492028	EPI_ISL_492028, EPI_ISL_602903, EPI_ISL_602891
EPI_ISL_622820	EPI_ISL_622820, EPI_ISL_760146, EPI_ISL_792689, EPI_ISL_710562, EPI_ISL_631384, EPI_ISL_710606, EPI_ISL_760144, EPI_ISL_760139, EPI_ISL_744632, EPI_ISL_770984, EPI_ISL_582128, EPI_ISL_676532, EPI_ISL_632554, EPI_ISL_728570, EPI_ISL_735215, EPI_ISL_776862, EPI_ISL_722571, EPI_ISL_750886, EPI_ISL_722509, EPI_ISL_713743, EPI_ISL_712645, EPI_ISL_759617, EPI_ISL_744710, EPI_ISL_790646, EPI_ISL_497770, EPI_ISL_610210, EPI_ISL_490164
EPI_ISL_626291	EPI_ISL_626291, EPI_ISL_641587, EPI_ISL_770853, EPI_ISL_744868, EPI_ISL_739824, EPI_ISL_739902, EPI_ISL_744697
EPI_ISL_456259	EPI_ISL_456259, EPI_ISL_457845, EPI_ISL_779633, EPI_ISL_779648, EPI_ISL_755620, EPI_ISL_749906, EPI_ISL_548102, EPI_ISL_732968, EPI_ISL_729407, EPI_ISL_457844, EPI_ISL_609814
EPI_ISL_735436	EPI_ISL_735436, EPI_ISL_639831, EPI_ISL_775503, EPI_ISL_569082, EPI_ISL_569235, EPI_ISL_755667
EPI_ISL_735445	EPI_ISL_735445, EPI_ISL_735446
EPI_ISL_602913	EPI_ISL_602913, EPI_ISL_678034
EPI_ISL_732495	EPI_ISL_732495, EPI_ISL_722671, EPI_ISL_708821, EPI_ISL_549063, EPI_ISL_747465, EPI_ISL_779900, EPI_ISL_631313, EPI_ISL_654017, EPI_ISL_710575, EPI_ISL_711057, EPI_ISL_733499, EPI_ISL_768840, EPI_ISL_737875, EPI_ISL_775256, EPI_ISL_582071, EPI_ISL_702926, EPI_ISL_639881, EPI_ISL_777007, EPI_ISL_776987, EPI_ISL_736838, EPI_ISL_653799, EPI_ISL_776961, EPI_ISL_776951, EPI_ISL_791070, EPI_ISL_648205, EPI_ISL_648207, EPI_ISL_661302, EPI_ISL_710583, EPI_ISL_603442, EPI_ISL_732592, EPI_ISL_757305, EPI_ISL_766616, EPI_ISL_733572, EPI_ISL_790671, EPI_ISL_729206, EPI_ISL_603279, EPI_ISL_693904, EPI_ISL_560530, EPI_ISL_582018, EPI_ISL_728821, EPI_ISL_582020, EPI_ISL_582019, EPI_ISL_582022, EPI_ISL_654452, EPI_ISL_722228, EPI_ISL_780017, EPI_ISL_776906, EPI_ISL_778717, EPI_ISL_720713, EPI_ISL_779916, EPI_ISL_779914, EPI_ISL_682282, EPI_ISL_740012, EPI_ISL_791225, EPI_ISL_791223, EPI_ISL_791263, EPI_ISL_569031, EPI_ISL_728551, EPI_ISL_648160, EPI_ISL_791197, EPI_ISL_745338, EPI_ISL_660325, EPI_ISL_721839, EPI_ISL_603576, EPI_ISL_603627, EPI_ISL_653788, EPI_ISL_760115, EPI_ISL_744531, EPI_ISL_669178, EPI_ISL_747464, EPI_ISL_791227, EPI_ISL_791234, EPI_ISL_732518, EPI_ISL_777857, EPI_ISL_622819, EPI_ISL_582102, EPI_ISL_735041, EPI_ISL_779889, EPI_ISL_792699, EPI_ISL_740513, EPI_ISL_729876, EPI_ISL_621262, EPI_ISL_728287, EPI_ISL_745216, EPI_ISL_763310, EPI_ISL_632363, EPI_ISL_722779, EPI_ISL_632501, EPI_ISL_729693, EPI_ISL_632720, EPI_ISL_790912, EPI_ISL_636584, EPI_ISL_722840, EPI_ISL_722835, EPI_ISL_722832, EPI_ISL_718858, EPI_ISL_632549, EPI_ISL_733522, EPI_ISL_729659, EPI_ISL_708804, EPI_ISL_728158, EPI_ISL_744536, EPI_ISL_710612, EPI_ISL_713517, EPI_ISL_757511, EPI_ISL_668976, EPI_ISL_749008, EPI_ISL_775270, EPI_ISL_615170, EPI_ISL_619532, EPI_ISL_682884, EPI_ISL_713147, EPI_ISL_673875, EPI_ISL_596921, EPI_ISL_578267, EPI_ISL_596898, EPI_ISL_639859, EPI_ISL_752540, EPI_ISL_752552, EPI_ISL_792090, EPI_ISL_578296, EPI_ISL_639874, EPI_ISL_791316, EPI_ISL_732435, EPI_ISL_791310, EPI_ISL_733574, EPI_ISL_579116, EPI_ISL_627349, EPI_ISL_667787, EPI_ISL_759892, EPI_ISL_682284, EPI_ISL_709542, EPI_ISL_792089, EPI_ISL_747241, EPI_ISL_605853, EPI_ISL_793297
EPI_ISL_541908	EPI_ISL_541908, EPI_ISL_779864, EPI_ISL_683607, EPI_ISL_622777, EPI_ISL_691624, EPI_ISL_780066, EPI_ISL_654283, EPI_ISL_654394, EPI_ISL_718013, EPI_ISL_661256, EPI_ISL_683402, EPI_ISL_637095
EPI_ISL_635061	EPI_ISL_635061, EPI_ISL_780406
EPI_ISL_736820	EPI_ISL_736820, EPI_ISL_778713, EPI_ISL_778710, EPI_ISL_778714, EPI_ISL_660544, EPI_ISL_579109, EPI_ISL_775580, EPI_ISL_644490, EPI_ISL_648177, EPI_ISL_776964, EPI_ISL_736836, EPI_ISL_736883
EPI_ISL_779406	EPI_ISL_779406, EPI_ISL_732962
EPI_ISL_778829	EPI_ISL_778829, EPI_ISL_791287, EPI_ISL_791319, EPI_ISL_752558, EPI_ISL_649124, EPI_ISL_596842
EPI_ISL_732198	EPI_ISL_732198, EPI_ISL_779408
EPI_ISL_637091	EPI_ISL_637091, EPI_ISL_780050
EPI_ISL_691672	EPI_ISL_691672, EPI_ISL_573885, EPI_ISL_733575, EPI_ISL_580083, EPI_ISL_752556, EPI_ISL_750328, EPI_ISL_775275, EPI_ISL_648151, EPI_ISL_759893, EPI_ISL_754018, EPI_ISL_719734, EPI_ISL_732497, EPI_ISL_778830, EPI_ISL_567893, EPI_ISL_605854, EPI_ISL_705199, EPI_ISL_742030, EPI_ISL_636898, EPI_ISL_636900, EPI_ISL_779410, EPI_ISL_770508, EPI_ISL_770511, EPI_ISL_770499, EPI_ISL_770528, EPI_ISL_770510, EPI_ISL_770509
EPI_ISL_678221	EPI_ISL_678221, EPI_ISL_581489, EPI_ISL_581487, EPI_ISL_634988, EPI_ISL_678094
EPI_ISL_768166	EPI_ISL_768166, EPI_ISL_767992, EPI_ISL_771160, EPI_ISL_430628, EPI_ISL_640641, EPI_ISL_561892, EPI_ISL_602847, EPI_ISL_592769, EPI_ISL_660187, EPI_ISL_678579
EPI_ISL_654019	EPI_ISL_654019, EPI_ISL_640872
EPI_ISL_768172	EPI_ISL_768172, EPI_ISL_636649, EPI_ISL_614385, EPI_ISL_579114
EPI_ISL_682286	EPI_ISL_682286, EPI_ISL_682296, EPI_ISL_682295, EPI_ISL_682283, EPI_ISL_747152, EPI_ISL_751557, EPI_ISL_757325, EPI_ISL_735495
EPI_ISL_756114	EPI_ISL_756114, EPI_ISL_756179
EPI_ISL_639750	EPI_ISL_639750, EPI_ISL_622793, EPI_ISL_766751
EPI_ISL_759701	EPI_ISL_759701, EPI_ISL_759842, EPI_ISL_577675, EPI_ISL_577667, EPI_ISL_498251
EPI_ISL_661310	EPI_ISL_661310, EPI_ISL_717893, EPI_ISL_717898, EPI_ISL_717880, EPI_ISL_717888, EPI_ISL_717884, EPI_ISL_732980, EPI_ISL_681796, EPI_ISL_747091, EPI_ISL_736991
EPI_ISL_523338	EPI_ISL_523338, EPI_ISL_523194
EPI_ISL_603124	EPI_ISL_603124, EPI_ISL_637087, EPI_ISL_653756, EPI_ISL_682265, EPI_ISL_770022, EPI_ISL_769992, EPI_ISL_770027, EPI_ISL_770025, EPI_ISL_769991, EPI_ISL_770014, EPI_ISL_769999, EPI_ISL_770003, EPI_ISL_769998, EPI_ISL_770018, EPI_ISL_770024, EPI_ISL_770026, EPI_ISL_770013, EPI_ISL_769987, EPI_ISL_769994, EPI_ISL_770021, EPI_ISL_770004, EPI_ISL_769996, EPI_ISL_769990, EPI_ISL_770008, EPI_ISL_770005
EPI_ISL_775263	EPI_ISL_775263, EPI_ISL_480346, EPI_ISL_748138, EPI_ISL_748143, EPI_ISL_748144, EPI_ISL_717878, EPI_ISL_568551, EPI_ISL_757366, EPI_ISL_717979
EPI_ISL_756088	EPI_ISL_756088, EPI_ISL_757333, EPI_ISL_756008, EPI_ISL_757365, EPI_ISL_757291, EPI_ISL_732588, EPI_ISL_755946, EPI_ISL_755948, EPI_ISL_732629, EPI_ISL_757292, EPI_ISL_759796, EPI_ISL_757367, EPI_ISL_757296, EPI_ISL_759900, EPI_ISL_756178, EPI_ISL_732631, EPI_ISL_756059, EPI_ISL_596529
EPI_ISL_755686	EPI_ISL_755686, EPI_ISL_579115
EPI_ISL_754069	EPI_ISL_754069, EPI_ISL_476425
EPI_ISL_610193	EPI_ISL_610193, EPI_ISL_610197
EPI_ISL_654815	EPI_ISL_654815, EPI_ISL_645126, EPI_ISL_645130, EPI_ISL_644950, EPI_ISL_644981, EPI_ISL_637016, EPI_ISL_637017, EPI_ISL_637021, EPI_ISL_708800, EPI_ISL_767857, EPI_ISL_596353, EPI_ISL_636853, EPI_ISL_636875, EPI_ISL_733489, EPI_ISL_658074, EPI_ISL_629004
EPI_ISL_729270	EPI_ISL_729270, EPI_ISL_755803, EPI_ISL_792084, EPI_ISL_792086, EPI_ISL_755812, EPI_ISL_755813, EPI_ISL_610216, EPI_ISL_579105, EPI_ISL_579107, EPI_ISL_579099, EPI_ISL_579104, EPI_ISL_579103
EPI_ISL_548116	EPI_ISL_548116, EPI_ISL_579092
EPI_ISL_578701	EPI_ISL_578701, EPI_ISL_451957
EPI_ISL_735265	EPI_ISL_735265, EPI_ISL_516914, EPI_ISL_495436, EPI_ISL_708191, EPI_ISL_735369
EPI_ISL_482765	EPI_ISL_482765, EPI_ISL_635778, EPI_ISL_635782, EPI_ISL_751712, EPI_ISL_476469, EPI_ISL_717818, EPI_ISL_751201, EPI_ISL_751185, EPI_ISL_583497, EPI_ISL_509500, EPI_ISL_717820, EPI_ISL_717819, EPI_ISL_717826, EPI_ISL_717829, EPI_ISL_755655, EPI_ISL_770558, EPI_ISL_770576, EPI_ISL_755650, EPI_ISL_770601, EPI_ISL_792633, EPI_ISL_755648, EPI_ISL_776766, EPI_ISL_770610, EPI_ISL_770608, EPI_ISL_770609, EPI_ISL_779162, EPI_ISL_770555, EPI_ISL_770600, EPI_ISL_755641, EPI_ISL_755640, EPI_ISL_770614, EPI_ISL_776765, EPI_ISL_770562, EPI_ISL_770577, EPI_ISL_792653, EPI_ISL_717821, EPI_ISL_717808, EPI_ISL_754913, EPI_ISL_776767, EPI_ISL_755643, EPI_ISL_729852, EPI_ISL_770629, EPI_ISL_770572, EPI_ISL_770586, EPI_ISL_779168, EPI_ISL_779156, EPI_ISL_779163, EPI_ISL_779165, EPI_ISL_779160, EPI_ISL_779166, EPI_ISL_755646, EPI_ISL_678320, EPI_ISL_640129, EPI_ISL_717830
EPI_ISL_526932	EPI_ISL_526932, EPI_ISL_729343, EPI_ISL_457834, EPI_ISL_700332, EPI_ISL_610196, EPI_ISL_791084, EPI_ISL_791086, EPI_ISL_791094
EPI_ISL_717694	EPI_ISL_717694, EPI_ISL_717700, EPI_ISL_622781
EPI_ISL_717692	EPI_ISL_717692, EPI_ISL_717697, EPI_ISL_756363, EPI_ISL_756357
EPI_ISL_632260	EPI_ISL_632260, EPI_ISL_755649, EPI_ISL_755652
EPI_ISL_776831	EPI_ISL_776831, EPI_ISL_735497
EPI_ISL_596519	EPI_ISL_596519, EPI_ISL_747032, EPI_ISL_747144, EPI_ISL_708806
EPI_ISL_539495	EPI_ISL_539495, EPI_ISL_790119, EPI_ISL_653519, EPI_ISL_751788, EPI_ISL_794314, EPI_ISL_717887, EPI_ISL_779157, EPI_ISL_700319
EPI_ISL_747044	EPI_ISL_747044, EPI_ISL_747048, EPI_ISL_755235, EPI_ISL_730525, EPI_ISL_755256, EPI_ISL_730522, EPI_ISL_755265, EPI_ISL_755267, EPI_ISL_730546, EPI_ISL_730469, EPI_ISL_730466, EPI_ISL_755142, EPI_ISL_755248, EPI_ISL_730386, EPI_ISL_730540, EPI_ISL_755213, EPI_ISL_730278, EPI_ISL_730247, EPI_ISL_730551, EPI_ISL_755141, EPI_ISL_730233, EPI_ISL_755262, EPI_ISL_755268
EPI_ISL_751695	EPI_ISL_751695, EPI_ISL_794269, EPI_ISL_747134, EPI_ISL_751650, EPI_ISL_779628, EPI_ISL_745105, EPI_ISL_767928, EPI_ISL_740875, EPI_ISL_767917, EPI_ISL_770821, EPI_ISL_767938, EPI_ISL_779642, EPI_ISL_779624, EPI_ISL_779649, EPI_ISL_779632, EPI_ISL_755571
EPI_ISL_576267	EPI_ISL_576267, EPI_ISL_602825
EPI_ISL_578669	EPI_ISL_578669, EPI_ISL_681700, EPI_ISL_746521, EPI_ISL_746480, EPI_ISL_746535, EPI_ISL_746525, EPI_ISL_625673, EPI_ISL_746523, EPI_ISL_746528, EPI_ISL_746527, EPI_ISL_746534, EPI_ISL_625676, EPI_ISL_625674, EPI_ISL_746522, EPI_ISL_625678, EPI_ISL_625679, EPI_ISL_746526, EPI_ISL_746524, EPI_ISL_746529
EPI_ISL_755442	EPI_ISL_755442, EPI_ISL_755509, EPI_ISL_602924
EPI_ISL_596734	EPI_ISL_596734, EPI_ISL_672639, EPI_ISL_672638, EPI_ISL_717897, EPI_ISL_582663, EPI_ISL_738038, EPI_ISL_738042, EPI_ISL_738039, EPI_ISL_738040, EPI_ISL_738041, EPI_ISL_738043
EPI_ISL_755610	EPI_ISL_755610, EPI_ISL_710553
EPI_ISL_678633	EPI_ISL_678633, EPI_ISL_678627, EPI_ISL_696517, EPI_ISL_696469, EPI_ISL_736938, EPI_ISL_736969, EPI_ISL_678567, EPI_ISL_736960, EPI_ISL_678625, EPI_ISL_678636, EPI_ISL_770475, EPI_ISL_770472, EPI_ISL_770474, EPI_ISL_770473, EPI_ISL_770471, EPI_ISL_678643, EPI_ISL_696479, EPI_ISL_736931
EPI_ISL_660190	EPI_ISL_660190, EPI_ISL_768828, EPI_ISL_745154, EPI_ISL_678597, EPI_ISL_736978, EPI_ISL_736956, EPI_ISL_745125, EPI_ISL_745159, EPI_ISL_736973, EPI_ISL_736932, EPI_ISL_745144, EPI_ISL_745180, EPI_ISL_745178, EPI_ISL_745148, EPI_ISL_745182
EPI_ISL_745124	EPI_ISL_745124, EPI_ISL_745117, EPI_ISL_745127, EPI_ISL_745111, EPI_ISL_745133
EPI_ISL_736943	EPI_ISL_736943, EPI_ISL_736937, EPI_ISL_696476, EPI_ISL_736961, EPI_ISL_736976, EPI_ISL_678621, EPI_ISL_678604, EPI_ISL_770470, EPI_ISL_678639, EPI_ISL_736970, EPI_ISL_723468, EPI_ISL_745139
EPI_ISL_745166	EPI_ISL_745166, EPI_ISL_745131
EPI_ISL_736946	EPI_ISL_736946, EPI_ISL_712071
EPI_ISL_700456	EPI_ISL_700456, EPI_ISL_700483, EPI_ISL_700461, EPI_ISL_696452, EPI_ISL_696459, EPI_ISL_700550, EPI_ISL_696490, EPI_ISL_696474, EPI_ISL_696500, EPI_ISL_700460, EPI_ISL_700540, EPI_ISL_700539, EPI_ISL_700529, EPI_ISL_696463, EPI_ISL_700482, EPI_ISL_700563, EPI_ISL_700464
EPI_ISL_696512	EPI_ISL_696512, EPI_ISL_696473
EPI_ISL_745169	EPI_ISL_745169, EPI_ISL_745175, EPI_ISL_745142, EPI_ISL_745143, EPI_ISL_745146, EPI_ISL_745149, EPI_ISL_745177, EPI_ISL_745161, EPI_ISL_745160, EPI_ISL_736951, EPI_ISL_736966, EPI_ISL_775242, EPI_ISL_775245, EPI_ISL_736971, EPI_ISL_736980, EPI_ISL_736944
EPI_ISL_745120	EPI_ISL_745120, EPI_ISL_745113, EPI_ISL_745130
EPI_ISL_736979	EPI_ISL_736979, EPI_ISL_712073
EPI_ISL_648217	EPI_ISL_648217, EPI_ISL_775466, EPI_ISL_635192, EPI_ISL_635123, EPI_ISL_560410, EPI_ISL_653784, EPI_ISL_621266, EPI_ISL_584081, EPI_ISL_626574, EPI_ISL_754912, EPI_ISL_754904, EPI_ISL_717831
EPI_ISL_760191	EPI_ISL_760191, EPI_ISL_760201
EPI_ISL_747303	EPI_ISL_747303, EPI_ISL_747122
EPI_ISL_648011	EPI_ISL_648011, EPI_ISL_648016, EPI_ISL_648017
EPI_ISL_708818	EPI_ISL_708818, EPI_ISL_699642, EPI_ISL_603249, EPI_ISL_693269
EPI_ISL_738329	EPI_ISL_738329, EPI_ISL_738317, EPI_ISL_738321, EPI_ISL_738345, EPI_ISL_738337, EPI_ISL_791114, EPI_ISL_536438, EPI_ISL_548973, EPI_ISL_738323
EPI_ISL_766982	EPI_ISL_766982, EPI_ISL_747175, EPI_ISL_751752
EPI_ISL_747142	EPI_ISL_747142, EPI_ISL_746736, EPI_ISL_697791, EPI_ISL_754180, EPI_ISL_754181, EPI_ISL_660152, EPI_ISL_596481, EPI_ISL_767862
EPI_ISL_708797	EPI_ISL_708797, EPI_ISL_708801, EPI_ISL_480306, EPI_ISL_732022, EPI_ISL_660621, EPI_ISL_635054, EPI_ISL_635055
EPI_ISL_747045	EPI_ISL_747045, EPI_ISL_751647
EPI_ISL_778970	EPI_ISL_778970, EPI_ISL_778955, EPI_ISL_779052
EPI_ISL_754657	EPI_ISL_754657, EPI_ISL_754667, EPI_ISL_754668
EPI_ISL_708795	EPI_ISL_708795, EPI_ISL_754227, EPI_ISL_605499, EPI_ISL_751681, EPI_ISL_682054, EPI_ISL_770802, EPI_ISL_751633, EPI_ISL_770477
EPI_ISL_677625	EPI_ISL_677625, EPI_ISL_770064
EPI_ISL_413550	EPI_ISL_413550, EPI_ISL_792209
EPI_ISL_746232	EPI_ISL_746232, EPI_ISL_776855
EPI_ISL_746505	EPI_ISL_746505, EPI_ISL_746533, EPI_ISL_746765, EPI_ISL_746541, EPI_ISL_746544, EPI_ISL_746539, EPI_ISL_746538, EPI_ISL_746514, EPI_ISL_746519, EPI_ISL_746758, EPI_ISL_746761, EPI_ISL_746543, EPI_ISL_746760, EPI_ISL_746759
EPI_ISL_684031	EPI_ISL_684031, EPI_ISL_605850
EPI_ISL_610217	EPI_ISL_610217, EPI_ISL_610218
EPI_ISL_672648	EPI_ISL_672648, EPI_ISL_672642, EPI_ISL_594175, EPI_ISL_672650, EPI_ISL_594179, EPI_ISL_672644, EPI_ISL_672652, EPI_ISL_672647, EPI_ISL_672646
EPI_ISL_491952	EPI_ISL_491952, EPI_ISL_682340
EPI_ISL_757289	EPI_ISL_757289, EPI_ISL_757318, EPI_ISL_757341, EPI_ISL_732617, EPI_ISL_757315, EPI_ISL_732598, EPI_ISL_732581
EPI_ISL_733077	EPI_ISL_733077, EPI_ISL_578905
EPI_ISL_622828	EPI_ISL_622828, EPI_ISL_622826, EPI_ISL_622784, EPI_ISL_622786, EPI_ISL_622813, EPI_ISL_603246, EPI_ISL_735493, EPI_ISL_603238, EPI_ISL_735494, EPI_ISL_754173, EPI_ISL_735500, EPI_ISL_747283, EPI_ISL_603243, EPI_ISL_603244, EPI_ISL_603239, EPI_ISL_735490, EPI_ISL_753697, EPI_ISL_753700
EPI_ISL_658893	EPI_ISL_658893, EPI_ISL_693304, EPI_ISL_779194, EPI_ISL_667471, EPI_ISL_747140, EPI_ISL_658863, EPI_ISL_751704, EPI_ISL_710358, EPI_ISL_710238, EPI_ISL_751728
EPI_ISL_792621	EPI_ISL_792621, EPI_ISL_792628
EPI_ISL_750176	EPI_ISL_750176, EPI_ISL_672735, EPI_ISL_623131, EPI_ISL_476387
EPI_ISL_792681	EPI_ISL_792681, EPI_ISL_792683, EPI_ISL_792682, EPI_ISL_792680
EPI_ISL_768626	EPI_ISL_768626, EPI_ISL_729767, EPI_ISL_729742, EPI_ISL_729774, EPI_ISL_729775
EPI_ISL_622780	EPI_ISL_622780, EPI_ISL_622809, EPI_ISL_622827, EPI_ISL_622824, EPI_ISL_622829
EPI_ISL_763074	EPI_ISL_763074, EPI_ISL_779402, EPI_ISL_747521, EPI_ISL_759709, EPI_ISL_751800, EPI_ISL_794592, EPI_ISL_766569, EPI_ISL_738135, EPI_ISL_757286, EPI_ISL_745199, EPI_ISL_757285, EPI_ISL_759896, EPI_ISL_733573, EPI_ISL_738093, EPI_ISL_736787, EPI_ISL_738103, EPI_ISL_747244, EPI_ISL_738099, EPI_ISL_754083, EPI_ISL_731396, EPI_ISL_738096, EPI_ISL_779657, EPI_ISL_779653, EPI_ISL_779651, EPI_ISL_779654, EPI_ISL_709642, EPI_ISL_752598, EPI_ISL_736453, EPI_ISL_738106, EPI_ISL_738141, EPI_ISL_738139, EPI_ISL_738142, EPI_ISL_755593, EPI_ISL_738102, EPI_ISL_777432, EPI_ISL_789061, EPI_ISL_779606, EPI_ISL_789075, EPI_ISL_789096, EPI_ISL_745197, EPI_ISL_763075, EPI_ISL_789072, EPI_ISL_789065, EPI_ISL_755626, EPI_ISL_779609, EPI_ISL_789078, EPI_ISL_789099, EPI_ISL_789067, EPI_ISL_789069, EPI_ISL_745260, EPI_ISL_789073, EPI_ISL_789082, EPI_ISL_789077
EPI_ISL_732961	EPI_ISL_732961, EPI_ISL_755629
EPI_ISL_775352	EPI_ISL_775352, EPI_ISL_775458
EPI_ISL_660185	EPI_ISL_660185, EPI_ISL_602895
EPI_ISL_710363	EPI_ISL_710363, EPI_ISL_747033, EPI_ISL_593741
EPI_ISL_509523	EPI_ISL_509523, EPI_ISL_591496, EPI_ISL_545028, EPI_ISL_545038, EPI_ISL_545024, EPI_ISL_545048, EPI_ISL_569858, EPI_ISL_545042, EPI_ISL_699643, EPI_ISL_593648, EPI_ISL_545000
EPI_ISL_640754	EPI_ISL_640754, EPI_ISL_593239
EPI_ISL_530248	EPI_ISL_530248, EPI_ISL_593644, EPI_ISL_530282, EPI_ISL_576141, EPI_ISL_530225, EPI_ISL_593641, EPI_ISL_593617, EPI_ISL_593639, EPI_ISL_576132, EPI_ISL_576139, EPI_ISL_576140, EPI_ISL_576144, EPI_ISL_576142
EPI_ISL_746769	EPI_ISL_746769, EPI_ISL_577740
EPI_ISL_717823	EPI_ISL_717823, EPI_ISL_770626
EPI_ISL_770569	EPI_ISL_770569, EPI_ISL_770590, EPI_ISL_770627
EPI_ISL_755647	EPI_ISL_755647, EPI_ISL_732116, EPI_ISL_755654, EPI_ISL_770582, EPI_ISL_776768
EPI_ISL_770565	EPI_ISL_770565, EPI_ISL_717928, EPI_ISL_717924, EPI_ISL_717944, EPI_ISL_717945, EPI_ISL_717946, EPI_ISL_792646, EPI_ISL_792525, EPI_ISL_792562, EPI_ISL_717948, EPI_ISL_717955, EPI_ISL_717947, EPI_ISL_717937, EPI_ISL_755653, EPI_ISL_775530, EPI_ISL_792522, EPI_ISL_770563, EPI_ISL_770617, EPI_ISL_717931, EPI_ISL_717921, EPI_ISL_717938, EPI_ISL_717950, EPI_ISL_792642, EPI_ISL_755645, EPI_ISL_792524, EPI_ISL_792635, EPI_ISL_717927, EPI_ISL_717933, EPI_ISL_717932, EPI_ISL_717940, EPI_ISL_717951, EPI_ISL_792523, EPI_ISL_717952, EPI_ISL_717936, EPI_ISL_778843, EPI_ISL_770566, EPI_ISL_770618, EPI_ISL_792645, EPI_ISL_770587, EPI_ISL_770589, EPI_ISL_756294, EPI_ISL_779159, EPI_ISL_770557, EPI_ISL_792651, EPI_ISL_770581, EPI_ISL_770584, EPI_ISL_770552, EPI_ISL_770556, EPI_ISL_770571, EPI_ISL_770603, EPI_ISL_770602, EPI_ISL_770564, EPI_ISL_770628, EPI_ISL_770559, EPI_ISL_770620, EPI_ISL_770595, EPI_ISL_779155, EPI_ISL_770616, EPI_ISL_770570, EPI_ISL_770606, EPI_ISL_770622, EPI_ISL_770607, EPI_ISL_770592, EPI_ISL_770605, EPI_ISL_770596
EPI_ISL_717930	EPI_ISL_717930, EPI_ISL_755651
EPI_ISL_717939	EPI_ISL_717939, EPI_ISL_717954
EPI_ISL_755642	EPI_ISL_755642, EPI_ISL_770553, EPI_ISL_770554
EPI_ISL_717929	EPI_ISL_717929, EPI_ISL_717941, EPI_ISL_717934, EPI_ISL_717922, EPI_ISL_717926, EPI_ISL_717935
EPI_ISL_728202	EPI_ISL_728202, EPI_ISL_728205, EPI_ISL_728203
EPI_ISL_626635	EPI_ISL_626635, EPI_ISL_626638
EPI_ISL_497836	EPI_ISL_497836, EPI_ISL_497815
EPI_ISL_746490	EPI_ISL_746490, EPI_ISL_746745
EPI_ISL_596460	EPI_ISL_596460, EPI_ISL_596466, EPI_ISL_622810
EPI_ISL_660628	EPI_ISL_660628, EPI_ISL_660651, EPI_ISL_660643, EPI_ISL_660662
EPI_ISL_654797	EPI_ISL_654797, EPI_ISL_654796, EPI_ISL_654798
EPI_ISL_456341	EPI_ISL_456341, EPI_ISL_536792
EPI_ISL_779153	EPI_ISL_779153, EPI_ISL_779154
